chrom	pos	matches	A	C	G	T	base_count	entropy
chr9	106056045	TTTTTTTTTTTTTTTTTTTTTTT	0	0	0	23	23	-0.0
chr9	106056046	GGGGGGGGGGGGGGGGGGGGGGG	0	0	23	0	23	-0.0
chr9	106056047	AAAAAAAAAAAAAAAAAAAAAAA	23	0	0	0	23	-0.0
chr9	106056048	GGGGGGGGGGGGGGGGGGGGGGG	0	0	23	0	23	-0.0
chr9	106056049	GGGGGGGGGGGGGGGGGGGGGGG	0	0	23	0	23	-0.0
chr9	106056050	TTTTTTTTTTTTTTTTTTTTTT	0	0	0	22	22	-0.0
chr9	106056051	AAAAAAAAAAAAAAAAAAAAAAA	23	0	0	0	23	-0.0
chr9	106056052	GGGGGGGGGGGGGGGGGGGGGGG	0	0	23	0	23	-0.0
chr9	106056053	TTTTTTTTTTTTTTTTTTTTTTT	0	0	0	23	23	-0.0
chr9	106056054	AAAAAAAAAAAAAAAAAAAAAAA	23	0	0	0	23	-0.0
chr9	106056055	GGGGGGGGGGGGGGGGGGGGGGG	0	0	23	0	23	-0.0
chr9	106056056	TTTTTTTTTTTTTTTTTTTTTTT	0	0	0	23	23	-0.0
chr9	106056057	TTTTTTTTTTTTTTTTTTTTTTT	0	0	0	23	23	-0.0
chr9	106056058	TTTTTTTTTTTTTTTTTTTTTTT	0	0	0	23	23	-0.0
chr9	106056059	GGGGGGGGGGGGGGGGGGGGGGG	0	0	23	0	23	-0.0
chr9	106056060	TTTTTTTTTTTTTTTTTTTTTT	0	0	0	22	22	-0.0
chr9	106056061	AAAAAAAAAAAAAAAAAAAAAAA	23	0	0	0	23	-0.0
chr9	106056062	CCCCCCCCCCCCCCCCCCCCCCC	0	23	0	0	23	-0.0
chr9	106056063	AAAAAAAAAAAAAAAAAAAAAAA	23	0	0	0	23	-0.0
chr9	106056064	GGGGGGGGGGGGGGGGGGGGGGG	0	0	23	0	23	-0.0
chr9	106056065	TTTTTTTTTTTTTTTTTTTTTTT	0	0	0	23	23	-0.0
chr9	106056066	TTTTTTTTTTTTTTTTTTTTTTT	0	0	0	23	23	-0.0
chr9	106056067	TTTTTTTTTTTTTTTTTTTTTTT	0	0	0	23	23	-0.0
chr9	106056068	GGGGGGGGGGGGGGGGGGGGGGG	0	0	23	0	23	-0.0
chr9	106056069	AAAAAAACAAAAAAAAAAAAAAA	22	1	0	0	23	0.2580186686648155
chr9	106056070	GGGGGGGGGGGGGGGGGGGGGGG	0	0	23	0	23	-0.0
chr9	106056071	GGGGGGGGGGGGGGGGGGGGGGG	0	0	23	0	23	-0.0
chr9	106056072	GGGGGGGGGGGGGGGGGGGGGGGGGGGGGGG	0	0	31	0	31	-0.0
chr9	106056073	TTTTTTTTTTTTTTTTTTTTTTTTTTTTTTT	0	0	0	31	31	-0.0
chr9	106056074	CCCCCCCCCCCCCCCCCCCCCCCCCCCCCCC	0	31	0	0	31	-0.0
chr9	106056075	TTTTTTTTTTTTTTTTTTTTTTTTTTTTTTT	0	0	0	31	31	-0.0
chr9	106056076	AAAAAAAAAAAAAAAAAAAAAAAAAAAAAAAAAAAA	36	0	0	0	36	-0.0
chr9	106056077	TTTTTTTTTTTTTTTTTTTTTTTTTTTTTTTTTTTT	0	0	0	36	36	-0.0
chr9	106056078	GGGGGGGGGGGGGGGGGGGGGGGGGGGGGGGGGGGG	0	0	36	0	36	-0.0
chr9	106056079	AAAAAAAAAAAAAAAAAAAAAAAAAAAAAAAAAAAA	36	0	0	0	36	-0.0
chr9	106056080	TTTTTTTTTTTTTTTTTTTTTTTTTTTTTTTTTTTT	0	0	0	36	36	-0.0
chr9	106056081	AAAAAAAAAAAAAAAAAAAAAAAAAAAAAAAAAAAA	36	0	0	0	36	-0.0
chr9	106056082	CCCCCCCCCCCCCCCCCCCCCCCCCCCCCCCCCCCC	0	36	0	0	36	-0.0
chr9	106056083	CCCCCCCCCCCCCCCCCCCCCCCCCCCCCCCCCCCC	0	36	0	0	36	-0.0
chr9	106056084	AAAAAAAAAAAAAAAAAAAAAAAAAAAAAAAAAA	34	0	0	0	34	-0.0
chr9	106056085	CCCCCCCCCCCCCCCCCCCCCCCCCCCCCCCCCC	0	34	0	0	34	-0.0
chr9	106056086	CCCCCCCCCCCCCCCCCCCCCCCCCCCCCCCCCC	0	34	0	0	34	-0.0
chr9	106056087	CCCCCCCCCCCCCCCCCCCCCCCCCCCCCCCCCC	0	34	0	0	34	-0.0
chr9	106056088	GGGGGGGGGGGGGGGGGGGGGGGGGGGGGGGGGG	0	0	34	0	34	-0.0
chr9	106056089	GGGGGGGGGGGGGGGGGGGGGGGGGGGGGGGGGG	0	0	34	0	34	-0.0
chr9	106056090	TTTTTTTTTTTTTTTTTTTTTTTT	0	0	0	24	24	-0.0
chr9	106056091	AAAAAAAAAAAAAAAAAAAAAAAAAAAAAAAAAAAAAAAAAAAAAAAAAAAAAAAAAAAAAAAAAAAAAA	70	0	0	0	70	-0.0
chr9	106056092	CCCCCCCCCCCCCCCCCCCCCCCCCCCCCCCCCCCCCCCCCCCCCCCCCCCCCCCCCCCCCCCCCCCCCC	0	70	0	0	70	-0.0
chr9	106056093	AAAAAAAAAAAAAAAAAAAAAAAAAAAAAAAAAAAAAAAAAAAAAAAAAAAAAAAAAAAAAAAAAAAAAAAAAAAAAAAAAAAAAAAAAAAAAAAAAAAAAAAAAAAAAAAAAAAAA	117	0	0	0	117	-0.0
chr9	106056094	GGGGGGAAAAAAAAGGGGGAAAAAAGCCGCAGGATGAGGTGATAAGGGAGGGGTGAAGGGCGGTGAAGGGGAAAAGAGAAAGAAAAATAAAGGGGGAGTGGGAGGAAGAAGAGAATA	51	4	54	8	117	1.4681628601186731
chr9	106056095	GGGGGGGGGGGGGGGGGGGGGGGGGGGGGGGGGGGGGGGGGGGGGCGCGGGGGGGGGCGGGGGGCGGCGGCGGGGGGGGGGGGGGGGGGGGGGGGGGGGCGGGGGGGGGGGGGGGGGGGGGGGGGGGGGGG	0	7	124	0	131	0.30081363556511626
chr9	106056096	AAAAAAAAAAAAAAAAAAAAAAAAAAAAAAAAAAAAAAAAAAAAAAAAAAAAAAAAAAAAAAAAAAAAAAAAAAAAAAAAAAAAAAAAAAAAAAAAAAAAAAAAAAAAAAAAAAAAAAAAAAAAAAAAAAAAAAAA	136	0	0	0	136	-0.0
chr9	106056097	GGGGGGGGGGGGGGGGGGGGGGGGGGGGGGGGGGGGGGGGGGGGGGGGGGGGGGGGGGGGGGGGGGGGGGGGGGGGGGGGGGGGGGGGGGGGGGGGGGGGGGGGGGGGGGGGGGGGGGGGGGGGGGGGGGGGGGG	0	0	135	0	135	-0.0
chr9	106056098	AAAAAAAAAAAAAAAAAAAAAAAAAAAAAAAAAAAAAAAAAAAAAAAAAAAAAAAAAAAAAAAAAAAAAAAAAAAAAAAAAAAAAAAAAAAAAAAAAAAAAAAAAAAAAAAAAAAAAAAAAAAAAAAAAAAAAAAA	136	0	0	0	136	-0.0
chr9	106056099	TTTTTTTTTTTTTTTTTTTTTTTTTTTTTTTTTTTTTTTTTTTTTTTTTTTTTTTTTTTTTTTTTTTTTTTTTTTTTTTTTTTTTTTTTTTTTTTTTTTTTTTTTTTTTTTTTTTTTTTTTTTTTTTTTTTTTTTT	0	0	0	136	136	-0.0
chr9	106056100	AAAAAAAAAAAAAAAAAAAAAAAAAAAAAAAAAAAAAAAAAAAAAAAAAAAAAAAAAAAAAAAAAAAAAAAAAAAAAAAAAAAAAAAAAAAAAAAAAAAAAAAAAAAAAAAAAAAAAAAAAAAAAAAAAA	130	0	0	0	130	-0.0
chr9	106056101	AAAAAAAAAAAAAAAAAAAAAAAAAAAAAAAAAAAAAAAAAAAAAAAAAAAAAAAAAAAAAAAAAAAAAAAAAAAAAAAAAAAAAAAAAAAAAAAAAAAAAAAAAAAAAAAAAAAAAAAAAAAAAAAAAA	130	0	0	0	130	-0.0
chr9	106056102	CCCCCCCCCCCCCCCCCCCCCCCCCCCCCCCCCCCCCCCCCCCCCCCCCCCCCCCCCCCCCCCCCCCCCCCCCCCCCCCCCCCCCCCCCCCCCCCCCCCCCCCCCCCCCCCCCCCCCCCCCCCCCCCCCC	0	130	0	0	130	-0.0
chr9	106056103	TTTTTTTTTTTTTTTTTTTTTTTTTTTTTTTTTTTTTTTTTTTTTTTTTTTTTTTTTTTTTTTTTTTTTTTTTTTTTTTTTTTTTTTTTTTTTTTTTTTTTTTTTTTTTTTTTTTTTTTTTTTTTTTTTT	0	0	0	130	130	-0.0
chr9	106056104	GGGGGGGGGGGGGGGGGGGGGGGGGGGGGGGGGGGGGGGGGGGGGGGGGGGGGGGGGGGGGGGGGGGGGGGGGGGGGGGGGGGGGGGGGGGGGGGGGGGGGGGGGGGGGGGGGGGGGGGGGGGGGGGGGG	0	0	130	0	130	-0.0
chr9	106056105	TTTTTTTTTTTTTTTTTTTTTTTTTTTTTTTTTTTTTTTTTTTTTTTTTTTTTTTTTTTTTTTTTTTTTTTTTTTTTTTTTTTTTTTTTTTTTTTTTTTTTTTTTTTTTTTTTTTTTTTTTTTTTTTTT	0	0	0	129	129	-0.0
chr9	106056106	AAAAAAAAAAAAAAAAAAAAAAAAAAAAAAAAAAAAAAAAAAAAAAAAAAAAAAAAAAAAAAAAAAAAAAAAAAAAAAAAAAAAAAAAAAAAAAAAAAAAAAAAAAAAAAAAAAAAAAAAAAAAAAAAA	129	0	0	0	129	-0.0
chr9	106056107	CCCCCCCCCCCCCCCCCCCCCCCCCCCCCCCCCCCCCCCCCCCCCCCCCCCCCCCCCCCCCCCCCCCCCCCCCCCCCCCCCCCCCCCCCCCCCCCCCCCCCCCCCCCCCCCCCCCCCCCCCCCCCCCCC	0	129	0	0	129	-0.0
chr9	106056108	AAAAAAAAAAAAAAAAAAAAAAAAAAAAAAAAAAAAAAAAAAAAAAAAAAAAAAAAAAAAAAAAAAAAAAAAAAAAAAAAAAAAAAAAAAAAAAAAAAAAAAAAAAAAAAAAAAAAAAAAAAAAAAAAA	129	0	0	0	129	-0.0
chr9	106056109	GGGGGGGGGGGGGGGGGGGGGGGGGGGGGGGGGGGGGGGGGGGGGGGGGGGGGGGGGGGGGGGGGGGGGGGGGGGGGGGGGGGGGGGGGGGGGGGGGGGGGGGGGGGGGGGGGGGGGGGGGGGGGGG	0	0	127	0	127	-0.0
chr9	106056110	GGGGGGGGGGGGGGGGGGGGGGGGGGGGGGGGGGGGGGGGGGGGGGGGGGGGGGGGGGGGGGGGGGGGGGGGGGGGGGGGGGGGGGGGGGGGGGGGGGGGGGGGGGCGGGGGGGGGGGGGGGGGGG	0	1	125	0	126	0.0667796410970523
chr9	106056111	CCCCCCCCCCCCCCCCCCCCCCCCCCCCCCCCCCCCCCCCCCCCCCCCCCCCCCCCCCCCCCCCCCCCCCCCCCCCCCCCCCCCCCCCCCCCCCCCCCCCCCCCCCCCCCCCCCCCCCCCCCCCCCCCCC	0	130	0	0	130	-0.0
chr9	106056112	CCCCCCCCCCCCCCCCCCCCCCCCCCCCCCCCCCCCCCCCCCCCCCCCCCCCCCCCCCCCCCCCCCCCCCCCCCCCCCCCCCCCCCCCCCCCCCCCCCCCCCCCCCCCCCCCCCCCCCCCCCCCCCCCCC	0	130	0	0	130	-0.0
chr9	106056113	AAAAAAAAAAAAAAAAAAAAAAAAAAAAAAAAAAAAAAAAAAAAAAAAAAAAAAAAAAAAAAAAAAAAAAAAAAAAAAAAAAAAAAAAAAAAAAAAAAAAAAAAAAAAAAAAAAAAAAAAAAAAAAAAAA	130	0	0	0	130	-0.0
chr9	106056114	CCCCCCCCCCCCCCCCCCCCCCCCCCCCCCCCCCCCCCCCCCCCCCCCCCCCCCCCCCCCCCCCCCCCCCCCCCCCCCCCCCCCCCCCCCCCCCCCCCCCCCCCCCCCCCCCCCCCCCCCCCCCCCCCCC	0	130	0	0	130	-0.0
chr9	106056115	TCTTTTTTTTTTTTTTTTTTTTTTTTTTTTTTTTTTTTTTTTTTTTTTTTTTTTTTTTTTTTTTTTTTTTTTTTTTTTTTTTTTTTTTTTTTTTTTTTTTTTTTTTTTTTTTTTTTTTTTTTTTTTTTT	0	1	0	128	129	0.065490821314727
chr9	106056116	GGGGGGGGGGGGGGGGGGGGGGGGGGGGGGGGGGGGGGGGGGGGGGGGGGGGGGGGGGGGGGGGGGGGGGGGGGGGGGGGGGGGGGGGGGGGGGGGGGGGGGGGGGGGGGGGGGGGGGGGGGGGGGGGGG	0	0	130	0	130	-0.0
chr9	106056117	CCCCCCCCCCCCCCCCCCCCCCCCCCCCCCCCCCCCCCCCCCCCCCCCCCCCCCCCCCCCCCCCCCCCCCCCCCCCCCCCCCCCCCCCCCCCCCCCCCCCCCCCCCCCCCCCCCCCCCCCCCCCCCCCC	0	129	0	0	129	-0.0
chr9	106056118	CCCCCCCCCCCCCCCCCCCCCCCCCCCCCCCCCCCCCCCCCCCCCCCCCCCCCCCCCCCCCCCCCCCCCCCCCCCCCCCCCCCCCCCCCCCCCCCCCCCCCCCCCCCCCCCCCCCCCCCCCCCCCCCCCC	0	130	0	0	130	-0.0
chr9	106056119	TTTTTTTTTTTTTTTTTTTTTTTTTTTTTTTTTTTTTTTTTTTTTTTTTTTTTTTTTTTTTTTTTTTTTTTTTTTTTTTTTTTTTTTTTTTTTTTTTTTTTTTTTTTTTTTTTTTTTTTTTTTTTTTTT	0	0	0	129	129	-0.0
chr9	106056120	TTTTTTTTTTTTTTTTTTTTTTTTTTTTTTTTTTTTTTTTTTTTTTTTTTTTTTTTTTTTTTTTTTTTTTTTTTTTTTTTTTTTTTTTTTTTTTTTTTTTTTTTTTTTTTTTTTTTTTTTTTTT	0	0	0	124	124	-0.0
chr9	106056121	GGGGGGGGGGGGGGGGGGGGGGGGGGGGGGGGGGGGGGGGGGGGGGGGGGGGGGGGGGGGGGGGGGGGGGGGGGGGGGGGGGGGGGGGGGGGGGGGGGGGGGGGGGGGG	0	0	109	0	109	-0.0
chr9	106056122	CCCCCCCCCCCCCCCCCCCCCCCCCCCCCCCCCCCCCCCCCCCCCCCCCCCCCCCCCCCCCCCCCCCCCCCCCCCCCCC	0	79	0	0	79	-0.0
chr9	106056123	CCCCCCCCCCCCCCCCCCCCCC	0	22	0	0	22	-0.0
chr9	106056124	AAAAAAAAAAAAAAAAAAAAAA	22	0	0	0	22	-0.0
chr9	106056125	GGGGGGGGGGGGGGGGGGGGGG	0	0	22	0	22	-0.0
chr9	106056126	GGGGGGGGGGGGGGGGGGGGG	0	0	21	0	21	-0.0
